,Unnamed: 0.1,Unnamed: 0,tconst,titleType,primaryTitle,originalTitle,isAdult,startYear,endYear,runtimeMinutes,genres,title_std,release_date,movie,production_budget,domestic_gross,worldwide_gross,distributor,mpaa_rating,genre,movie_same_name,averageRating,numVotes,search_index,error_message
4,804.0,3209,tt0487156,movie,In Her Line of Fire,In Her Line of Fire,0,2006,\N,88,"Action,Drama",in her line of fire,2006-04-21,In Her Line of Fire,1000000.0,884.0,884.0,Regent Releasing,R,Action,1,3.6,1074.0,3.1153846153846154,
6,806.0,11460,tt1390411,movie,In the Heart of the Sea,In the Heart of the Sea,0,2015,\N,122,"Action,Adventure,Biography",in the heart of the sea,2015-12-11,In the Heart of the Sea,100000000.0,25020758.0,89693309.0,Warner Bros.,PG-13,Adventure,1,6.9,146203.0,5.230769230769231,The request failed: Google returned a response with code 429
40,840.0,15425,tt1809231,movie,Jackpot,Arme Riddere,0,2011,\N,86,"Action,Comedy,Crime",jackpot,2001-07-27,Jackpot,400000.0,44452.0,44452.0,,R,Drama,1,6.6,3376.0,,The request failed: Google returned a response with code 429
41,841.0,10494,tt13222512,tvEpisode,Jagten,Jagten,0,2020,\N,41,"Crime,Drama,Mystery",jagten,2013-05-17,Jagten,3450000.0,687185.0,18309793.0,Magnolia Pictures,R,Drama,1,7.3,283.0,,The request failed: Google returned a response with code 429
45,845.0,1204,tt0211443,movie,Jason X,Jason X,0,2001,\N,92,"Action,Horror,Sci-Fi",jason x,2002-04-26,Jason X,14000000.0,13121555.0,16951798.0,New Line,R,Horror,1,4.4,60445.0,5.846153846153846,The request failed: Google returned a response with code 500
47,847.0,1499,tt0263488,movie,Jeepers Creepers,Jeepers Creepers,0,2001,\N,90,"Horror,Mystery",jeepers creepers,2001-08-31,Jeepers Creepers,10000000.0,37904175.0,58939035.0,MGM,R,Horror,1,6.2,139482.0,6.5576923076923075,The request failed: Google returned a response with code 429
50,850.0,1785,tt0300051,movie,Jersey Girl,Jersey Girl,0,2004,\N,102,"Comedy,Drama,Romance",jersey girl,2004-03-26,Jersey Girl,35000000.0,25266129.0,37066129.0,Miramax,PG-13,Comedy,1,6.2,68671.0,29.25,The request failed: Google returned a response with code 429
52,852.0,1529,tt0268397,movie,Jimmy Neutron: Boy Genius,Jimmy Neutron: Boy Genius,0,2001,\N,82,"Action,Adventure,Animation",jimmy neutron boy genius,2001-12-21,Jimmy Neutron: Boy Genius,25000000.0,80936232.0,102992536.0,Paramount Pictures,G,Adventure,1,6.1,37241.0,,The request failed: Google returned a response with code 500
54,854.0,2406,tt0382765,movie,Jindabyne,Jindabyne,0,2006,\N,123,"Crime,Drama,Mystery",jindabyne,2007-04-27,Jindabyne,10800000.0,399879.0,2862544.0,Sony Pictures Classics,R,Drama,1,6.3,7009.0,,The request failed: Google returned a response with code 429
55,855.0,19104,tt2357129,movie,Jobs,Jobs,0,2013,\N,128,"Biography,Drama",jobs,2013-08-16,Jobs,18000000.0,16131410.0,43402515.0,Open Road,PG-13,Drama,1,6.0,101835.0,,The request failed: Google returned a response with code 429
57,857.0,19285,tt2382396,movie,Joe,Joe,0,2013,\N,117,"Crime,Drama,Thriller",joe,2014-04-11,Joe,4000000.0,373375.0,373375.0,Roadside Attractions,R,Drama,1,6.8,50578.0,2.8076923076923075,The request failed: Google returned a response with code 500
59,859.0,1608,tt0279889,movie,Joe Somebody,Joe Somebody,0,2001,\N,98,"Comedy,Drama",joe somebody,2001-12-21,Joe Somebody,38000000.0,22770864.0,24515990.0,20th Century Fox,PG,Comedy,1,5.5,10997.0,,The request failed: Google returned a response with code 429
62,862.0,1569,tt0274166,movie,Johnny English,Johnny English,0,2003,\N,89,"Action,Adventure,Comedy",johnny english,2003-07-18,Johnny English,45000000.0,28013509.0,163126676.0,Universal,PG,Adventure,1,6.2,170909.0,21.53846153846154,The request failed: Google returned a response with code 429
66,866.0,1770,tt0298388,movie,Jonah: A VeggieTales Movie,Jonah: A VeggieTales Movie,0,2002,\N,82,"Adventure,Animation,Comedy",jonah a veggietales movie,2002-10-04,Jonah: A VeggieTales Movie,14000000.0,25571351.0,25608779.0,Artisan,G,Adventure,1,6.4,4448.0,20.576923076923077,The request failed: Google returned a response with code 429
68,868.0,11546,tt1397514,movie,Journey 2: The Mysterious Island,Journey 2: The Mysterious Island,0,2012,\N,94,"Action,Adventure,Comedy",journey  the mysterious island,2012-02-10,Journey 2: The Mysterious Island,79000000.0,103860290.0,318146162.0,Warner Bros.,PG,Adventure,1,5.7,110015.0,10.288461538461538,The request failed: Google returned a response with code 429
78,878.0,983,tt0163025,movie,Jurassic Park III,Jurassic Park III,0,2001,\N,92,"Action,Adventure,Sci-Fi",jurassic park iii,2001-07-18,Jurassic Park III,93000000.0,181166115.0,365900000.0,Universal,PG-13,Action,1,5.9,335818.0,4.826923076923077,The request failed: Google returned a response with code 429
84,884.0,1523,tt0267626,movie,K-19: The Widowmaker,K-19: The Widowmaker,0,2002,\N,138,"Drama,History,Thriller",k the widowmaker,2002-07-19,K-19: The Widowmaker,90000000.0,35168966.0,65716126.0,Paramount Pictures,PG-13,Action,1,6.7,66272.0,,The request failed: Google returned a response with code 500
86,886.0,1472,tt0257568,movie,Kangaroo Jack,Kangaroo Jack,0,2003,\N,89,"Action,Adventure,Comedy",kangaroo jack,2003-01-17,Kangaroo Jack,60000000.0,66723216.0,90723216.0,Warner Bros.,PG,Adventure,1,4.5,33183.0,44.30769230769231,The request failed: Google returned a response with code 500
104,904.0,1545,tt0271027,movie,Kiss of the Dragon,Kiss of the Dragon,0,2001,\N,98,"Action,Crime,Thriller",kiss of the dragon,2001-07-06,Kiss of the Dragon,25000000.0,36833473.0,36833473.0,20th Century Fox,R,Action,1,6.6,65871.0,,The request failed: Google returned a response with code 500
107,907.0,1205,tt0211465,movie,Knockaround Guys,Knockaround Guys,0,2001,\N,92,"Crime,Drama,Thriller",knockaround guys,2002-10-11,Knockaround Guys,15000000.0,11660180.0,12419700.0,New Line,R,Drama,1,6.1,24618.0,,The request failed: Google returned a response with code 429
122,922.0,910,tt0146316,movie,Lara Croft: Tomb Raider,Lara Croft: Tomb Raider,0,2001,\N,100,"Action,Adventure,Fantasy",lara croft tomb raider,2001-06-15,Lara Croft: Tomb Raider,94000000.0,131144183.0,273330185.0,Paramount Pictures,PG-13,Adventure,1,5.7,216274.0,,The request failed: Google returned a response with code 500
130,930.0,13785,tt15747172,tvEpisode,Left Behind,Left Behind,0,2023,\N,55,"Action,Adventure,Drama",left behind,2001-02-02,Left Behind,18500000.0,4221341.0,4221341.0,Cloud Ten Pictures,PG-13,Drama,1,7.4,65929.0,,The request failed: Google returned a response with code 500
137,937.0,1503,tt0264796,movie,Life as a House,Life as a House,0,2001,\N,125,Drama,life as a house,2001-10-26,Life as a House,18000000.0,15652637.0,23889158.0,New Line,R,Drama,1,7.5,45212.0,,The request failed: Google returned a response with code 500
142,942.0,1851,tt0308506,movie,Like Mike,Like Mike,0,2002,\N,99,"Comedy,Family,Fantasy",like mike,2002-07-03,Like Mike,30000000.0,51432423.0,62432423.0,20th Century Fox,PG,Adventure,1,5.4,22081.0,,The request failed: Google returned a response with code 500
143,943.0,1575,tt0275847,movie,Lilo & Stitch,Lilo & Stitch,0,2002,\N,85,"Adventure,Animation,Comedy",lilo  stitch,2002-06-21,Lilo & Stitch,80000000.0,145771527.0,245800000.0,Walt Disney,PG,Adventure,1,7.3,206026.0,,The request failed: Google returned a response with code 429
145,945.0,24095,tt3741834,movie,Lion,Lion,0,2016,\N,118,"Biography,Drama",lion,2016-11-25,Lion,12000000.0,51739495.0,149875676.0,Weinstein Co.,PG-13,Drama,1,8.0,246522.0,,The request failed: Google returned a response with code 429
148,948.0,2594,tt0404203,movie,Little Children,Little Children,0,2006,\N,137,"Drama,Romance",little children,2006-10-06,Little Children,14000000.0,5463019.0,14121177.0,New Line,R,Drama,1,7.5,115304.0,,The request failed: Google returned a response with code 429
149,949.0,5883,tt0970866,movie,Little Fockers,Little Fockers,0,2010,\N,98,"Comedy,Romance",little fockers,2010-12-22,Little Fockers,100000000.0,148438600.0,310650574.0,Universal,PG-13,Comedy,1,5.5,117260.0,,The request failed: Google returned a response with code 429
151,951.0,2920,tt0449059,movie,Little Miss Sunshine,Little Miss Sunshine,0,2006,\N,101,"Comedy,Drama",little miss sunshine,2006-07-26,Little Miss Sunshine,8000000.0,59891098.0,100642353.0,Fox Searchlight,R,Comedy,1,7.8,506816.0,,The request failed: Google returned a response with code 429
160,960.0,1915,tt0318155,movie,Looney Tunes: Back in Action,Looney Tunes: Back in Action,0,2003,\N,93,"Adventure,Animation,Comedy",looney tunes back in action,2003-11-14,Looney Tunes: Back in Action,80000000.0,20950820.0,54540662.0,Warner Bros.,PG,Adventure,1,5.8,39725.0,36.78846153846154,The request failed: Google returned a response with code 500
166,966.0,1634,tt0282698,movie,Love Liza,Love Liza,0,2002,\N,90,"Comedy,Drama",love liza,2002-12-30,Love Liza,1000000.0,213137.0,213137.0,,R,Drama,1,6.9,8441.0,,The request failed: Google returned a response with code 500
177,977.0,12590,tt1474684,tvSeries,Luther,Luther,0,2010,2019,60,"Crime,Drama,Mystery",luther,2003-09-26,Luther,35000000.0,5781086.0,32736879.0,RS Entertainment,PG-13,Drama,1,8.4,151381.0,,The request failed: Google returned a response with code 500
183,983.0,5794,tt0951216,movie,Mad Money,Mad Money,0,2008,\N,104,"Comedy,Crime,Thriller",mad money,2008-01-18,Mad Money,22000000.0,20668843.0,25044057.0,Overture Films,PG-13,Comedy,1,5.9,22496.0,,The request failed: Google returned a response with code 429
195,995.0,1984,tt0328099,movie,Malibu's Most Wanted,Malibu's Most Wanted,0,2003,\N,86,"Comedy,Crime",malibus most wanted,2003-04-18,Malibu's Most Wanted,15000000.0,34308901.0,34499204.0,Warner Bros.,PG-13,Comedy,1,5.2,20571.0,,The request failed: Google returned a response with code 500
197,997.0,2006,tt0330602,movie,Mambo Italiano,Mambo Italiano,0,2003,\N,88,"Comedy,Drama,Romance",mambo italiano,2003-06-06,Mambo Italiano,5500000.0,9282750.0,12399772.0,Goldwyn Entertainment,R,Comedy,1,6.7,6901.0,,The request failed: Google returned a response with code 429
75,1175.0,5067,tt0785007,movie,Over Her Dead Body,Over Her Dead Body,0,2008,\N,95,"Comedy,Fantasy,Romance",over her dead body,2008-02-01,Over Her Dead Body,10000000.0,7570127.0,21596074.0,New Line,PG-13,Comedy,1,5.2,25248.0,18.73076923076923,The request failed: Google returned a response with code 429
78,1178.0,19860,tt2557478,movie,Pacific Rim: Uprising,Pacific Rim: Uprising,0,2018,\N,111,"Action,Adventure,Sci-Fi",pacific rim uprising,2018-03-23,Pacific Rim: Uprising,155000000.0,59185715.0,290241338.0,Universal,PG-13,Action,1,5.6,124371.0,4.826923076923077,The request failed: Google returned a response with code 429
26,1426.0,29095,tt6182908,movie,Smallfoot,Smallfoot,0,2018,\N,96,"Adventure,Animation,Comedy",smallfoot,2018-09-28,Smallfoot,80000000.0,66361035.0,137161035.0,Warner Bros.,PG,Adventure,1,6.6,42079.0,,The request failed: Google returned a response with code 429
33,1433.0,15007,tt1735898,movie,Snow White and the Huntsman,Snow White and the Huntsman,0,2012,\N,127,"Action,Adventure,Drama",snow white and the huntsman,2012-06-01,Snow White and the Huntsman,170000000.0,155136755.0,401021746.0,Universal,PG-13,Adventure,1,6.1,298916.0,,The request failed: Google returned a response with code 429
42,1442.0,1199,tt0210299,movie,Songcatcher,Songcatcher,0,2000,\N,109,"Drama,Music",songcatcher,2001-06-15,Songcatcher,1800000.0,3050934.0,3050934.0,Lionsgate,PG-13,Drama,1,7.3,3652.0,,The request failed: Google returned a response with code 429
75,1475.0,5354,tt0838283,movie,Step Brothers,Step Brothers,0,2008,\N,98,Comedy,step brothers,2008-07-25,Step Brothers,65000000.0,100468793.0,128468793.0,Sony Pictures,R,Comedy,1,6.9,312067.0,18.73076923076923,The request failed: Google returned a response with code 429
121,1521.0,2959,tt0453556,movie,TMNT,TMNT,0,2007,\N,87,"Action,Adventure,Animation",tmnt,2007-03-23,TMNT,35000000.0,54149098.0,96096018.0,Warner Bros.,PG,Action,1,6.2,68354.0,,The request failed: Google returned a response with code 429
144,1544.0,7912,tt1130964,movie,The 5th Quarter,The 5th Quarter,0,2010,\N,101,"Biography,Drama,Sport",th quarter,2011-03-25,The 5th Quarter,6000000.0,408159.0,408159.0,Rocky Mountain Pict…,PG,Drama,1,5.6,1662.0,,The request failed: Google returned a response with code 429
146,1546.0,2777,tt0429493,movie,The A-Team,The A-Team,0,2010,\N,117,"Action,Adventure,Crime",ateam,2010-06-11,The A-Team,110000000.0,77222099.0,177241171.0,20th Century Fox,PG-13,Action,1,6.7,266366.0,,The request failed: Google returned a response with code 500
171,1571.0,31,tt0004972,movie,The Birth of a Nation,The Birth of a Nation,0,1915,\N,195,"Drama,History,War",birth of a nation,2016-10-07,The Birth of a Nation,10000000.0,15861566.0,16891011.0,Fox Searchlight,R,Drama,1,6.2,25922.0,,The request failed: Google returned a response with code 429
181,1581.0,24436,tt3882082,movie,The Boy,The Boy,0,2016,\N,97,"Horror,Mystery,Thriller",boy,2016-01-22,The Boy,10000000.0,35819556.0,68220952.0,STX Entertainment,PG-13,Horror,1,6.0,100061.0,,The request failed: Google returned a response with code 429
192,1592.0,15319,tt1790886,movie,The Campaign,The Campaign,0,2012,\N,85,Comedy,campaign,2012-08-10,The Campaign,95000000.0,86907746.0,104907746.0,Warner Bros.,R,Comedy,1,6.1,135614.0,,The request failed: Google returned a response with code 429
197,1597.0,5579,tt0889588,movie,The Children of Huang Shi,The Children of Huang Shi,0,2008,\N,125,"Drama,War",children of huang shi,2008-05-23,The Children of Huang Shi,20000000.0,1031872.0,8221700.0,Sony Pictures Classics,R,Drama,1,7.0,9909.0,,The request failed: Google returned a response with code 429
16,1816.0,1311,tt0230600,movie,The Others,The Others,0,2001,\N,101,"Horror,Mystery,Thriller",others,2001-08-10,The Others,17000000.0,96522687.0,207765056.0,Miramax,PG-13,Horror,1,7.6,385787.0,11.288461538461538,The request failed: Google returned a response with code 500
24,1824.0,1441,tt0253474,movie,The Pianist,The Pianist,0,2002,\N,150,"Biography,Drama,Music",pianist,2002-12-27,The Pianist,35000000.0,32519322.0,111854182.0,Focus Features,R,Drama,1,8.5,885830.0,5.173076923076923,The request failed: Google returned a response with code 500
28,1828.0,1337,tt0237572,movie,The Pledge,The Pledge,0,2001,\N,124,"Crime,Drama,Mystery",pledge,2001-01-19,The Pledge,45000000.0,19719930.0,29406132.0,Warner Bros.,R,Drama,1,6.8,65078.0,6.730769230769231,The request failed: Google returned a response with code 429
52,1852.0,1764,tt0298130,movie,The Ring,The Ring,0,2002,\N,115,"Horror,Mystery",ring,2002-10-18,The Ring,48000000.0,129094024.0,248218486.0,Dreamworks SKG,PG-13,Horror,1,7.1,368347.0,,The request failed: Google returned a response with code 500
57,1857.0,32056,tt7587890,tvSeries,The Rookie,The Rookie,0,2018,\N,43,"Action,Crime,Drama",rookie,2002-03-29,The Rookie,22000000.0,75600072.0,80491516.0,Walt Disney,G,Drama,1,8.0,59231.0,2.8076923076923075,The request failed: Google returned a response with code 500
62,1862.0,1982,tt0327850,movie,The Rundown,The Rundown,0,2003,\N,104,"Action,Adventure,Comedy",rundown,2003-09-26,The Rundown,85000000.0,47641743.0,80831893.0,Universal,PG-13,Action,1,6.6,113547.0,21.53846153846154,The request failed: Google returned a response with code 429
66,1866.0,1582,tt0277296,movie,The Scorpion King,The Scorpion King,0,2002,\N,92,"Action,Adventure,Fantasy",scorpion king,2002-04-19,The Scorpion King,60000000.0,90580000.0,165890634.0,Universal,PG-13,Action,1,5.5,143792.0,20.576923076923077,The request failed: Google returned a response with code 429
75,1875.0,783,tt0120824,movie,The Shipping News,The Shipping News,0,2001,\N,111,Drama,shipping news,2001-12-25,The Shipping News,35000000.0,11405825.0,24405825.0,Miramax,R,Drama,1,6.7,33686.0,18.73076923076923,The request failed: Google returned a response with code 429
77,1877.0,1886,tt0314676,movie,The Singing Detective,The Singing Detective,0,2003,\N,109,"Comedy,Crime,Musical",singing detective,2003-10-24,The Singing Detective,8000000.0,336456.0,524747.0,Paramount Pictures,R,Comedy,1,5.4,8868.0,7.019230769230769,The request failed: Google returned a response with code 429
96,1896.0,2078,tt0340377,movie,The Station Agent,The Station Agent,0,2003,\N,89,"Comedy,Drama",station agent,2003-10-03,The Station Agent,500000.0,5801558.0,9470209.0,Miramax,R,Drama,1,7.6,72542.0,,The request failed: Google returned a response with code 429
108,1908.0,1531,tt0268695,movie,The Time Machine,The Time Machine,0,2002,\N,96,"Action,Adventure,Sci-Fi",time machine,2002-03-08,The Time Machine,80000000.0,56684819.0,98983590.0,Dreamworks SKG,PG-13,Adventure,1,6.0,128749.0,,The request failed: Google returned a response with code 500
113,1913.0,1726,tt0293662,movie,The Transporter,The Transporter,0,2002,\N,92,"Action,Crime,Thriller",transporter,2002-10-11,The Transporter,21000000.0,25296447.0,43928932.0,20th Century Fox,PG-13,Action,1,6.8,316165.0,,The request failed: Google returned a response with code 429
127,1927.0,1700,tt0290332,movie,The Wash,The Wash,0,2001,\N,96,Comedy,wash,2001-11-14,The Wash,4000000.0,10097096.0,10097096.0,Lionsgate,R,Comedy,1,4.8,7528.0,,The request failed: Google returned a response with code 500
145,1945.0,2643,tt0412080,movie,The World's Fastest Indian,The World's Fastest Indian,0,2005,\N,127,"Biography,Drama,Sport",worlds fastest indian,2005-12-07,The World's Fastest Indian,25000000.0,5128124.0,18991288.0,Magnolia Pictures,PG-13,Drama,1,7.8,57364.0,,The request failed: Google returned a response with code 429
154,1954.0,1989,tt0328538,movie,Thirteen,Thirteen,0,2003,\N,100,Drama,thirteen,2003-08-20,Thirteen,2000000.0,4601043.0,9505996.0,Fox Searchlight,R,Drama,1,6.8,95426.0,,The request failed: Google returned a response with code 500
155,1955.0,5742,tt0937375,movie,This Christmas,This Christmas,0,2007,\N,119,"Comedy,Drama,Romance",this christmas,2007-11-21,This Christmas,13000000.0,49121934.0,49733545.0,Sony Pictures,PG-13,Drama,1,6.3,10048.0,,The request failed: Google returned a response with code 429
163,1963.0,1746,tt0295725,movie,Time Changer,Time Changer,0,2002,\N,95,"Drama,Fantasy,Sci-Fi",time changer,2002-10-25,Time Changer,825000.0,1500711.0,1500711.0,Five & Two Pictures,PG,Drama,1,5.2,2767.0,,The request failed: Google returned a response with code 500
167,1967.0,1398,tt0246989,movie,Tomcats,Tomcats,0,2001,\N,95,Comedy,tomcats,2001-03-30,Tomcats,11000000.0,13558739.0,13558739.0,Sony Pictures,R,Comedy,1,5.3,19290.0,,"HTTPSConnectionPool(host='trends.google.com', port=443): Max retries exceeded with url: /trends/api/explore?hl=en-US&tz=360&req=%7B%22comparisonItem%22%3A+%5B%7B%22keyword%22%3A+%22Tomcats%22%2C+%22time%22%3A+%222000-03-30+2001-03-30%22%2C+%22geo%22%3A+%22%22%7D%5D%2C+%22category%22%3A+0%2C+%22property%22%3A+%22%22%7D (Caused by SSLError(SSLEOFError(8, 'EOF occurred in violation of protocol (_ssl.c:1123)')))"
179,1979.0,851,tt0133240,movie,Treasure Planet,Treasure Planet,0,2002,\N,95,"Adventure,Animation,Family",treasure planet,2002-11-27,Treasure Planet,100000000.0,38120554.0,91800000.0,Walt Disney,PG,Adventure,1,7.2,129101.0,30.384615384615383,The request failed: Google returned a response with code 500
1,1201.0,16083,tt1911658,movie,Penguins of Madagascar,Penguins of Madagascar,0,2014,\N,92,"Action,Adventure,Animation",penguins of madagascar,2014-11-26,Penguins of Madagascar,132000000.0,83350911.0,367650911.0,20th Century Fox,PG,Adventure,1,6.6,99066.0,,The request failed: Google returned a response with code 429
5,1205.0,5199,tt0808417,movie,Persepolis,Persepolis,0,2007,\N,96,"Animation,Biography,Drama",persepolis,2007-12-25,Persepolis,7300000.0,4443403.0,25397460.0,Sony Pictures Classics,PG-13,Drama,1,8.0,98594.0,3.1538461538461537,The request failed: Google returned a response with code 429
6,1206.0,26853,tt5117670,movie,Peter Rabbit,Peter Rabbit,0,2018,\N,95,"Adventure,Comedy,Crime",peter rabbit,2018-02-09,Peter Rabbit,50000000.0,115234093.0,347134901.0,Sony Pictures,PG,Adventure,1,6.6,46642.0,5.230769230769231,The request failed: Google returned a response with code 429
8,1208.0,1870,tt0311648,movie,Pieces of April,Pieces of April,0,2003,\N,80,"Comedy,Drama",pieces of april,2003-10-17,Pieces of April,300000.0,2528664.0,3571253.0,MGM,PG-13,Comedy,1,7.0,21829.0,,The request failed: Google returned a response with code 429
19,1219.0,2609,tt0407121,movie,Pooh's Heffalump Movie,Pooh's Heffalump Movie,0,2005,\N,68,"Adventure,Animation,Comedy",poohs heffalump movie,2005-02-11,Pooh's Heffalump Movie,20000000.0,18098433.0,55686944.0,Walt Disney,G,Adventure,1,6.4,8203.0,6.09433962264151,The request failed: Google returned a response with code 429
22,1222.0,24589,tt3960412,movie,Popstar: Never Stop Never Stopping,Popstar: Never Stop Never Stopping,0,2016,\N,87,"Comedy,Drama,Music",popstar never stop never stopping,2016-06-03,Popstar: Never Stop Never Stopping,20000000.0,9496130.0,9537120.0,Universal,R,Comedy,1,6.7,66695.0,,The request failed: Google returned a response with code 429
25,1225.0,23489,tt3488328,movie,Pound of Flesh,Pound of Flesh,0,2015,\N,104,"Action,Thriller",pound of flesh,2015-05-15,Pound of Flesh,7500000.0,0.0,0.0,Entertainment One,R,Action,1,5.1,6897.0,11.01923076923077,The request failed: Google returned a response with code 429
28,1228.0,2657,tt0414387,movie,Pride & Prejudice,Pride & Prejudice,0,2005,\N,129,"Drama,Romance",pride  prejudice,2005-11-11,Pride & Prejudice,28000000.0,38372662.0,126549607.0,Focus Features,PG,Drama,1,7.8,320026.0,6.730769230769231,The request failed: Google returned a response with code 429
31,1231.0,19563,tt2436386,movie,Project Almanac,Project Almanac,0,2015,\N,106,"Drama,Mystery,Sci-Fi",project almanac,2015-01-30,Project Almanac,12000000.0,22348241.0,32909437.0,Paramount Pictures,PG-13,Adventure,1,6.3,83218.0,,The request failed: Google returned a response with code 429
40,1240.0,1556,tt0272338,movie,Punch-Drunk Love,Punch-Drunk Love,0,2002,\N,95,"Comedy,Drama,Romance",punchdrunk love,2002-10-11,Punch-Drunk Love,25000000.0,17791031.0,24591031.0,Sony Pictures,R,Comedy,1,7.3,173374.0,,The request failed: Google returned a response with code 429
45,1245.0,1343,tt0238546,movie,Queen of the Damned,Queen of the Damned,0,2002,\N,101,"Drama,Fantasy,Horror",queen of the damned,2002-02-22,Queen of the Damned,35000000.0,30307804.0,30307804.0,Warner Bros.,R,Horror,1,5.2,59125.0,5.846153846153846,The request failed: Google returned a response with code 500
46,1246.0,15648,tt1837636,movie,Queen of the Desert,Queen of the Desert,0,2015,\N,128,"Adventure,Biography,Drama",queen of the desert,2017-04-14,Queen of the Desert,36000000.0,0.0,1578543.0,IFC Films,PG-13,Drama,1,5.7,12292.0,,The request failed: Google returned a response with code 429
47,1247.0,7037,tt1075287,tvEpisode,Quinceanera,Quinceanera,0,2008,\N,23,"Adventure,Comedy,Drama",quinceanera,2006-08-02,Quinceanera,400000.0,1692693.0,2797199.0,Sony Pictures Classics,R,Drama,1,7.5,237.0,6.5576923076923075,The request failed: Google returned a response with code 429
51,1251.0,1433,tt0252444,movie,Rabbit-Proof Fence,Rabbit-Proof Fence,0,2002,\N,94,"Biography,Drama",rabbitproof fence,2002-11-29,Rabbit-Proof Fence,7000000.0,6199600.0,16866928.0,Miramax,PG,Drama,1,7.4,29911.0,,The request failed: Google returned a response with code 429
55,1255.0,1900,tt0316465,movie,Radio,Radio,0,2003,\N,109,"Biography,Drama,Sport",radio,2003-10-24,Radio,35000000.0,52333738.0,53293628.0,Sony Pictures,PG,Drama,1,6.9,43186.0,,The request failed: Google returned a response with code 429
58,1258.0,1899,tt0316188,movie,Raising Victor Vargas,Raising Victor Vargas,0,2002,\N,88,"Drama,Romance",raising victor vargas,2003-03-28,Raising Victor Vargas,800000.0,2073984.0,2900578.0,Samuel Goldwyn Films,R,Drama,1,7.2,5662.0,7.923076923076923,The request failed: Google returned a response with code 429
72,1272.0,1513,tt0265632,movie,Recess: School's Out,Recess: School's Out,0,2001,\N,82,"Adventure,Animation,Comedy",recess schools out,2001-02-16,Recess: School's Out,10000000.0,36696761.0,44451470.0,Walt Disney,G,Adventure,1,6.5,11430.0,,The request failed: Google returned a response with code 429
75,1275.0,5508,tt0873886,movie,Red State,Red State,0,2011,\N,88,"Action,Crime,Horror",red state,2011-09-23,Red State,4000000.0,1065429.0,1983596.0,Smodshow Productions,R,Horror,1,6.1,66373.0,18.73076923076923,The request failed: Google returned a response with code 429
87,1287.0,782,tt0120804,movie,Resident Evil,Resident Evil,0,2002,\N,100,"Action,Horror,Sci-Fi",resident evil,2002-03-15,Resident Evil,35000000.0,40119709.0,103787401.0,Sony Pictures,R,Horror,1,6.6,283188.0,,The request failed: Google returned a response with code 429
96,1296.0,23790,tt3623726,movie,Ricki and the Flash,Ricki and the Flash,0,2015,\N,101,"Comedy,Drama,Music",ricki and the flash,2015-08-07,Ricki and the Flash,18000000.0,26839498.0,41166033.0,Sony Pictures,PG-13,Drama,1,6.0,24513.0,,The request failed: Google returned a response with code 429
119,1319.0,1397,tt0246894,movie,Rollerball,Rollerball,0,2002,\N,98,"Action,Sci-Fi,Sport",rollerball,2002-02-08,Rollerball,70000000.0,18990542.0,25852508.0,MGM,PG-13,Action,1,3.1,29147.0,,The request failed: Google returned a response with code 500
124,1324.0,2048,tt0337711,movie,Rugrats Go Wild,Rugrats Go Wild,0,2003,\N,81,"Adventure,Animation,Comedy",rugrats go wild,2003-06-13,Rugrats Go Wild,25000000.0,39402572.0,55443032.0,Paramount Pictures,PG,Adventure,1,5.6,8841.0,,The request failed: Google returned a response with code 500
130,1330.0,1521,tt0266915,movie,Rush Hour 2,Rush Hour 2,0,2001,\N,90,"Action,Comedy,Crime",rush hour ,2001-08-03,Rush Hour 2,90000000.0,226164286.0,347425832.0,New Line,PG-13,Action,1,6.7,234204.0,,The request failed: Google returned a response with code 500
131,1331.0,1466,tt0257076,movie,S.W.A.T.,S.W.A.T.,0,2003,\N,117,"Action,Adventure,Crime",swat,2003-08-08,S.W.A.T.,70000000.0,116877597.0,207154748.0,Sony Pictures,PG-13,Action,1,6.0,152465.0,,The request failed: Google returned a response with code 500
142,1342.0,1177,tt0206275,movie,Save the Last Dance,Save the Last Dance,0,2001,\N,112,"Drama,Music,Romance",save the last dance,2001-01-12,Save the Last Dance,13000000.0,91038276.0,122244329.0,Paramount Pictures,PG-13,Drama,1,6.2,65071.0,,The request failed: Google returned a response with code 500
146,1346.0,1353,tt0239948,movie,Saving Silverman,Saving Silverman,0,2001,\N,90,"Comedy,Crime,Romance",saving silverman,2001-02-09,Saving Silverman,22000000.0,19351569.0,25873142.0,Sony Pictures,R,Comedy,1,5.8,41970.0,,The request failed: Google returned a response with code 500
154,1354.0,1354,tt0239949,movie,Say It Isn't So,Say It Isn't So,0,2001,\N,95,"Comedy,Romance",say it isnt so,2001-03-23,Say It Isn't So,25000000.0,5516708.0,5516708.0,20th Century Fox,R,Comedy,1,5.0,13658.0,,The request failed: Google returned a response with code 500
156,1356.0,1834,tt0306047,movie,Scary Movie 3,Scary Movie 3,0,2003,\N,84,Comedy,scary movie ,2003-10-24,Scary Movie 3,45000000.0,110000082.0,155200000.0,Miramax/Dimension,PG-13,Comedy,1,5.5,155524.0,,The request failed: Google returned a response with code 500
159,1359.0,2019,tt0332379,movie,School of Rock,School of Rock,0,2003,\N,109,"Comedy,Music",school of rock,2003-10-03,School of Rock,20000000.0,81261177.0,131944672.0,Paramount Pictures,PG-13,Comedy,1,7.2,322674.0,,The request failed: Google returned a response with code 429
166,1366.0,1572,tt0274812,movie,Secretary,Secretary,0,2002,\N,107,"Comedy,Drama,Romance",secretary,2002-09-20,Secretary,4000000.0,4046737.0,9413956.0,Lionsgate,R,Drama,1,6.9,96313.0,,The request failed: Google returned a response with code 500
168,1368.0,1422,tt0250720,movie,See Spot Run,See Spot Run,0,2001,\N,94,"Action,Comedy,Crime",see spot run,2001-03-02,See Spot Run,16000000.0,33357476.0,43057552.0,Warner Bros.,PG,Adventure,1,5.4,9630.0,,The request failed: Google returned a response with code 500
188,1388.0,1956,tt0323944,movie,Shattered Glass,Shattered Glass,0,2003,\N,94,"Drama,History",shattered glass,2003-10-31,Shattered Glass,6000000.0,2207975.0,3456602.0,Lionsgate,PG-13,Drama,1,7.1,37135.0,,The request failed: Google returned a response with code 500
0,400.0,14973,tt1730687,movie,Darling Companion,Darling Companion,0,2012,\N,103,"Comedy,Drama,Romance",darling companion,2012-04-20,Darling Companion,12000000.0,793352.0,1200346.0,Sony Pictures Classics,PG-13,Comedy,1,5.2,3758.0,16.576923076923077,The request failed: Google returned a response with code 429
2,402.0,3065,tt0466342,movie,Date Movie,Date Movie,0,2006,\N,83,"Comedy,Romance",date movie,2006-02-17,Date Movie,20000000.0,48548426.0,85146165.0,20th Century Fox,PG-13,Comedy,1,2.8,61580.0,40.96153846153846,The request failed: Google returned a response with code 429
5,405.0,2816,tt0433362,movie,Daybreakers,Daybreakers,0,2009,\N,98,"Action,Horror,Sci-Fi",daybreakers,2010-01-08,Daybreakers,20000000.0,30101577.0,51445503.0,Lionsgate,R,Horror,1,6.4,133591.0,3.1538461538461537,The request failed: Google returned a response with code 429
8,408.0,11993,tt1431045,movie,Deadpool,Deadpool,0,2016,\N,108,"Action,Comedy",deadpool,2016-02-12,Deadpool,58000000.0,363070709.0,801029249.0,20th Century Fox,R,Action,1,8.0,1095368.0,,The request failed: Google returned a response with code 429
9,409.0,27617,tt5463162,movie,Deadpool 2,Deadpool 2,0,2018,\N,119,"Action,Adventure,Comedy",deadpool ,2018-05-18,Deadpool 2,110000000.0,318491426.0,733809601.0,20th Century Fox,R,Action,1,7.6,624001.0,,The request failed: Google returned a response with code 429
10,410.0,2359,tt0377752,movie,Dear Frankie,Dear Frankie,0,2004,\N,105,"Drama,Romance",dear frankie,2005-03-04,Dear Frankie,4600000.0,1340891.0,3099369.0,Miramax,PG-13,Drama,1,7.7,22329.0,,The request failed: Google returned a response with code 429
11,411.0,5968,tt0989757,movie,Dear John,Dear John,0,2010,\N,108,"Drama,Romance,War",dear john,2010-02-05,Dear John,25000000.0,80014842.0,142033509.0,Sony Pictures,PG-13,Drama,1,6.3,155718.0,,The request failed: Google returned a response with code 429
14,414.0,5120,tt0795368,movie,Death at a Funeral,Death at a Funeral,0,2007,\N,90,Comedy,death at a funeral,2007-08-17,Death at a Funeral,20000000.0,8580428.0,46790428.0,MGM,R,Comedy,1,7.3,119540.0,,The request failed: Google returned a response with code 429
17,417.0,10249,tt1303828,movie,Defendor,Defendor,0,2009,\N,101,"Comedy,Crime,Drama",defendor,2010-02-19,Defendor,3750000.0,44462.0,44462.0,,R,Drama,1,6.7,37362.0,,The request failed: Google returned a response with code 429
19,419.0,2190,tt0361500,movie,Delgo,Delgo,0,2008,\N,94,"Adventure,Animation,Comedy",delgo,2008-12-12,Delgo,40000000.0,915840.0,915840.0,Freestyle Releasing,PG,Adventure,1,4.3,3152.0,6.09433962264151,The request failed: Google returned a response with code 429
22,422.0,9602,tt1259528,movie,Den of Thieves,Den of Thieves,0,2018,\N,140,"Action,Crime,Drama",den of thieves,2018-01-19,Den of Thieves,30000000.0,44947622.0,79424321.0,STX Entertainment,R,Action,1,7.0,120461.0,,The request failed: Google returned a response with code 429
23,423.0,25979,tt4645330,movie,Denial,Denial,0,2016,\N,109,"Biography,Drama",denial,2016-09-30,Denial,10000000.0,4073448.0,9263940.0,Bleecker Street,PG-13,Drama,1,6.8,22967.0,16.807692307692307,The request failed: Google returned a response with code 429
25,425.0,2539,tt0398017,movie,Derailed,Derailed,0,2005,\N,108,"Crime,Drama,Thriller",derailed,2005-11-11,Derailed,22000000.0,36020063.0,57520063.0,Weinstein Co.,R,Action,1,6.6,75672.0,11.01923076923077,The request failed: Google returned a response with code 429
27,427.0,10512,tt1323594,movie,Despicable Me,Despicable Me,0,2010,\N,95,"Adventure,Animation,Comedy",despicable me,2010-07-09,Despicable Me,69000000.0,251513985.0,543464573.0,Universal,PG,Adventure,1,7.6,571565.0,,The request failed: Google returned a response with code 429
30,430.0,2260,tt0367652,movie,Deuce Bigalow: European Gigolo,Deuce Bigalow: European Gigolo,0,2005,\N,83,Comedy,deuce bigalow european gigolo,2005-08-12,Deuce Bigalow: European Gigolo,22000000.0,22400154.0,45273464.0,Sony Pictures,R,Comedy,1,4.7,52763.0,6.096153846153846,The request failed: Google returned a response with code 429
33,433.0,20768,tt2752758,movie,Devil's Due,Devil's Due,0,2014,\N,89,"Horror,Mystery",devils due,2014-01-17,Devil's Due,7000000.0,15821461.0,36146087.0,20th Century Fox,R,Horror,1,4.2,17603.0,,The request failed: Google returned a response with code 429
34,434.0,24835,tt4082068,movie,Dheepan,Dheepan,0,2015,\N,115,"Crime,Drama",dheepan,2016-05-06,Dheepan,9000000.0,248795.0,7704357.0,Sundance Selects,R,Drama,1,7.2,16602.0,,The request failed: Google returned a response with code 429
35,435.0,2722,tt0422093,movie,Diary of a Mad Black Woman,Diary of a Mad Black Woman,0,2005,\N,116,"Comedy,Drama,Romance",diary of a mad black woman,2005-02-25,Diary of a Mad Black Woman,5500000.0,50406346.0,50458356.0,Lionsgate,PG-13,Drama,1,5.7,15570.0,,The request failed: Google returned a response with code 429
38,438.0,14415,tt1650043,movie,Diary of a Wimpy Kid: Rodrick Rules,Diary of a Wimpy Kid: Rodrick Rules,0,2011,\N,100,"Comedy,Family",diary of a wimpy kid rodrick rules,2011-03-25,Diary of a Wimpy Kid: Rodrick Rules,18000000.0,52698535.0,73695194.0,20th Century Fox,PG,Adventure,1,6.6,35345.0,,The request failed: Google returned a response with code 429
43,443.0,15061,tt1744052,tvEpisode,Die Fälscher,Die Fälscher,0,2010,\N,28,"Crime,Family",die flscher,2008-02-22,Die Fälscher,6250000.0,5488570.0,20199663.0,Sony Pictures Classics,R,Drama,1,6.6,9.0,,The request failed: Google returned a response with code 500
50,450.0,15665,tt1840309,movie,Divergent,Divergent,0,2014,\N,139,"Action,Adventure,Mystery",divergent,2014-03-21,Divergent,85000000.0,150947895.0,276014965.0,Lionsgate,PG-13,Adventure,1,6.6,479624.0,29.25,The request failed: Google returned a response with code 429
51,451.0,24782,tt4056738,movie,Do You Believe?,Do You Believe?,0,2015,\N,120,Drama,do you believe,2015-03-20,Do You Believe?,2300000.0,12985600.0,14305450.0,Pure Flix Entertain…,PG-13,Drama,1,6.0,8115.0,,The request failed: Google returned a response with code 429
54,454.0,13678,tt1564349,movie,Dolphin Tale,Dolphin Tale,0,2011,\N,113,"Drama,Family",dolphin tale,2011-09-23,Dolphin Tale,37000000.0,72286779.0,96068724.0,Warner Bros.,PG,Drama,1,6.8,25382.0,,The request failed: Google returned a response with code 429
55,455.0,22120,tt2978462,movie,Dolphin Tale 2,Dolphin Tale 2,0,2014,\N,107,"Drama,Family",dolphin tale ,2014-09-12,Dolphin Tale 2,36000000.0,42024533.0,57824533.0,Warner Bros.,PG,Drama,1,6.4,9659.0,,The request failed: Google returned a response with code 429
56,456.0,19414,tt2402105,movie,Dom Hemingway,Dom Hemingway,0,2013,\N,93,"Comedy,Crime,Drama",dom hemingway,2014-04-02,Dom Hemingway,7000000.0,523511.0,1857458.0,Fox Searchlight,R,Comedy,1,6.1,27432.0,7.365384615384615,The request failed: Google returned a response with code 429
58,458.0,9807,tt1270761,movie,Don't Be Afraid of the Dark,Don't Be Afraid of the Dark,0,2010,\N,99,"Fantasy,Horror,Thriller",dont be afraid of the dark,2011-08-26,Don't Be Afraid of the Dark,25000000.0,24046682.0,39126427.0,FilmDistrict,R,Horror,1,5.5,50263.0,7.923076923076923,The request failed: Google returned a response with code 429
60,460.0,4971,tt0763304,movie,Doogal,Doogal,0,2006,\N,85,"Adventure,Animation,Comedy",doogal,2006-02-24,Doogal,20000000.0,7578946.0,28058652.0,Weinstein Co.,G,Adventure,1,2.8,5333.0,,The request failed: Google returned a response with code 429
62,462.0,3181,tt0483607,movie,Doomsday,Doomsday,0,2008,\N,113,"Action,Sci-Fi,Thriller",doomsday,2008-03-14,Doomsday,33000000.0,11008770.0,21621188.0,Universal,R,Action,1,5.9,79101.0,21.53846153846154,The request failed: Google returned a response with code 429
65,465.0,5692,tt0918927,movie,Doubt,Doubt,0,2008,\N,104,"Drama,Mystery",doubt,2008-12-12,Doubt,20000000.0,33446470.0,53191101.0,Miramax,PG-13,Drama,1,7.5,134569.0,37.26923076923077,The request failed: Google returned a response with code 429
66,466.0,6812,tt1056477,movie,Down for Life,Down for Life,0,2009,\N,92,Drama,down for life,2011-01-14,Down for Life,3800000.0,41914.0,41914.0,B.D. Fox Independent,R,Drama,1,6.9,359.0,20.576923076923077,The request failed: Google returned a response with code 429
70,470.0,5305,tt0829150,movie,Dracula Untold,Dracula Untold,0,2014,\N,92,"Action,Drama,Fantasy",dracula untold,2014-10-10,Dracula Untold,70000000.0,55991880.0,220241723.0,Universal,PG-13,Action,1,6.2,204593.0,,The request failed: Google returned a response with code 429
72,472.0,2312,tt0372873,movie,Dragon Wars: D-War,D-War,0,2007,\N,107,"Action,Drama,Fantasy",dragon wars dwar,2007-09-14,Dragon Wars: D-War,32000000.0,10977721.0,79915361.0,Freestyle Releasing,PG-13,Action,1,3.5,25176.0,,The request failed: Google returned a response with code 429
73,473.0,7384,tt1098327,movie,Dragonball Evolution,Dragonball Evolution,0,2009,\N,85,"Action,Adventure,Fantasy",dragonball evolution,2009-04-10,Dragonball Evolution,30000000.0,9362785.0,58228460.0,20th Century Fox,PG,Adventure,1,2.5,78250.0,6.326923076923077,The request failed: Google returned a response with code 429
75,475.0,12401,tt1462041,movie,Dream House,Dream House,0,2011,\N,92,"Drama,Mystery,Thriller",dream house,2011-09-30,Dream House,50000000.0,21302340.0,41642166.0,Universal,PG-13,Horror,1,6.0,68621.0,18.73076923076923,The request failed: Google returned a response with code 429
77,477.0,10783,tt1343727,movie,Dredd,Dredd,0,2012,\N,95,"Action,Crime,Sci-Fi",dredd,2012-09-21,Dredd,45000000.0,13414714.0,41467606.0,Lionsgate,R,Action,1,7.1,288919.0,7.019230769230769,The request failed: Google returned a response with code 429
78,478.0,5248,tt0817538,movie,Drillbit Taylor,Drillbit Taylor,0,2008,\N,110,"Action,Comedy,Crime",drillbit taylor,2008-03-21,Drillbit Taylor,40000000.0,32862104.0,49686263.0,Paramount Pictures,PG-13,Comedy,1,5.7,61917.0,4.826923076923077,The request failed: Google returned a response with code 429
88,488.0,17163,tt2096672,movie,Dumb and Dumber To,Dumb and Dumber To,0,2014,\N,109,Comedy,dumb and dumber to,2014-11-14,Dumb and Dumber To,40000000.0,86208010.0,156553592.0,Universal,PG-13,Comedy,1,5.6,143040.0,,The request failed: Google returned a response with code 429
91,491.0,7957,tt1134666,movie,Dwegons and Leprechauns,Dwegons and Leprechauns,0,2014,\N,98,Animation,dwegons and leprechauns,2014-08-29,Dwegons and Leprechauns,20000000.0,0.0,0.0,,PG,Adventure,1,2.9,139.0,,The request failed: Google returned a response with code 429
92,492.0,6214,tt1013860,movie,Dylan Dog: Dead of Night,Dylan Dog: Dead of Night,0,2010,\N,108,"Action,Comedy,Crime",dylan dog dead of night,2011-04-29,Dylan Dog: Dead of Night,20000000.0,1186538.0,6093725.0,Omin/Freestyle,PG-13,Horror,1,5.1,15524.0,,The request failed: Google returned a response with code 429
94,494.0,17952,tt2183034,movie,Earth to Echo,Earth to Echo,0,2014,\N,91,"Adventure,Family,Sci-Fi",earth to echo,2014-07-02,Earth to Echo,13000000.0,38934842.0,42174545.0,Relativity,PG,Adventure,1,5.7,19594.0,,The request failed: Google returned a response with code 429
95,495.0,9984,tt1282140,movie,Easy A,Easy A,0,2010,\N,92,"Comedy,Drama,Romance",easy a,2010-09-17,Easy A,8000000.0,58401464.0,76200721.0,Sony Pictures,PG-13,Comedy,1,7.0,409251.0,,The request failed: Google returned a response with code 429
96,496.0,5536,tt0879870,movie,Eat Pray Love,Eat Pray Love,0,2010,\N,133,"Biography,Drama,Romance",eat pray love,2010-08-13,Eat Pray Love,60000000.0,80574010.0,206598789.0,Sony Pictures,PG-13,Drama,1,5.8,103598.0,,The request failed: Google returned a response with code 429
97,497.0,7159,tt1083452,movie,Eddie the Eagle,Eddie the Eagle,0,2015,\N,106,"Adventure,Biography,Comedy",eddie the eagle,2016-02-26,Eddie the Eagle,23000000.0,15789389.0,45061177.0,20th Century Fox,PG-13,Drama,1,7.3,98514.0,4.961538461538462,The request failed: Google returned a response with code 429
100,500.0,2535,tt0397313,movie,Eight Below,Eight Below,0,2006,\N,120,"Adventure,Drama,Family",eight below,2006-02-17,Eight Below,40000000.0,81612565.0,120455994.0,Walt Disney,PG,Adventure,1,7.3,67286.0,16.615384615384617,The request failed: Google returned a response with code 429
106,506.0,2654,tt0414055,movie,Elizabeth: The Golden Age,Elizabeth: The Golden Age,0,2007,\N,114,"Biography,Drama,History",elizabeth the golden age,2007-10-12,Elizabeth: The Golden Age,55000000.0,16285240.0,74870866.0,Universal,PG-13,Drama,1,6.8,74205.0,8.923076923076923,The request failed: Google returned a response with code 429
107,507.0,2274,tt0368709,movie,Elizabethtown,Elizabethtown,0,2005,\N,123,"Comedy,Drama,Romance",elizabethtown,2005-10-14,Elizabethtown,54000000.0,26850426.0,50719373.0,Paramount Pictures,PG-13,Drama,1,6.3,72066.0,,The request failed: Google returned a response with code 429
113,513.0,2556,tt0399862,movie,End of the Spear,End of the Spear,0,2005,\N,108,"Adventure,Biography,Drama",end of the spear,2006-01-20,End of the Spear,10000000.0,11748661.0,11924041.0,M Power Releasing,PG-13,Drama,1,6.7,5431.0,,The request failed: Google returned a response with code 429
114,514.0,14975,tt1731141,movie,Ender's Game,Ender's Game,0,2013,\N,114,"Action,Adventure,Sci-Fi",enders game,2013-11-01,Ender's Game,110000000.0,61737191.0,127983283.0,Lionsgate,PG-13,Adventure,1,6.6,250347.0,,The request failed: Google returned a response with code 429
143,543.0,3054,tt0465407,movie,Eye of the Dolphin,Eye of the Dolphin,0,2006,\N,102,"Comedy,Drama,Family",eye of the dolphin,2007-08-24,Eye of the Dolphin,2500000.0,72210.0,72260.0,Monterey Media,PG-13,Drama,1,5.6,1002.0,,The request failed: Google returned a response with code 429
46,2046.0,1357,tt0240200,movie,Water,Water,0,2005,\N,117,Drama,water,2006-04-28,Water,3000000.0,5529144.0,11322573.0,Fox Searchlight,PG-13,Drama,1,7.7,15248.0,,The request failed: Google returned a response with code 429
67,2067.0,8428,tt1172233,movie,Whip It,Whip It,0,2009,\N,111,"Drama,Sport",whip it,2009-10-02,Whip It,15000000.0,13077184.0,18889972.0,Fox Searchlight,PG-13,Comedy,1,6.9,69642.0,,The request failed: Google returned a response with code 429
76,2076.0,25693,tt4501244,movie,Why Him?,Why Him?,0,2016,\N,111,Comedy,why him,2016-12-23,Why Him?,38000000.0,60323786.0,117439538.0,20th Century Fox,R,Comedy,1,6.2,121053.0,,"HTTPSConnectionPool(host='trends.google.com', port=443): Max retries exceeded with url: /trends/api/widgetdata/multiline?req=%7B%22time%22%3A+%222013-03-07+2014-03-07%22%2C+%22resolution%22%3A+%22WEEK%22%2C+%22locale%22%3A+%22en-US%22%2C+%22comparisonItem%22%3A+%5B%7B%22geo%22%3A+%7B%7D%2C+%22complexKeywordsRestriction%22%3A+%7B%22keyword%22%3A+%5B%7B%22type%22%3A+%22BROAD%22%2C+%22value%22%3A+%22The+Grand+Budapest+Hotel%22%7D%5D%7D%7D%5D%2C+%22requestOptions%22%3A+%7B%22property%22%3A+%22%22%2C+%22backend%22%3A+%22IZG%22%2C+%22category%22%3A+0%7D%2C+%22userConfig%22%3A+%7B%22userType%22%3A+%22USER_TYPE_SCRAPER%22%7D%7D&token=APP6_UEAAAAAZWB24l7_Gg5-qmz8NDe_4EgDoQK6WX-V&tz=360 (Caused by SSLError(SSLEOFError(8, 'EOF occurred in violation of protocol (_ssl.c:1123)')))"
79,2079.0,9305,tt1235189,movie,Wild Target,Wild Target,0,2010,\N,98,"Action,Comedy,Crime",wild target,2010-10-29,Wild Target,8000000.0,109338.0,5314194.0,Freestyle Releasing,PG-13,Comedy,1,6.7,39819.0,,The request failed: Google returned a response with code 429
83,2083.0,12234,tt1449283,movie,Winnie the Pooh,Winnie the Pooh,0,2011,\N,63,"Adventure,Animation,Comedy",winnie the pooh,2011-07-15,Winnie the Pooh,30000000.0,26692846.0,50145607.0,Walt Disney,G,Adventure,1,7.1,27634.0,,The request failed: Google returned a response with code 429
87,2087.0,15650,tt1837709,movie,Winter's Tale,Winter's Tale,0,2014,\N,118,"Drama,Fantasy,Mystery",winters tale,2014-02-14,Winter's Tale,60000000.0,12600231.0,22468620.0,Warner Bros.,PG-13,Drama,1,6.1,56124.0,,The request failed: Google returned a response with code 429
88,2088.0,21587,tt2870708,movie,Wish I Was Here,Wish I Was Here,0,2014,\N,106,"Comedy,Drama",wish i was here,2014-07-18,Wish I Was Here,6000000.0,3591299.0,6591365.0,Focus Features,R,Comedy,1,6.6,38868.0,,The request failed: Google returned a response with code 429
94,2094.0,19431,tt2404425,movie,Woman in Gold,Woman in Gold,0,2015,\N,109,"Biography,Drama,History",woman in gold,2015-04-01,Woman in Gold,11000000.0,33307793.0,57019592.0,Weinstein Co.,PG-13,Drama,1,7.3,62028.0,,The request failed: Google returned a response with code 429
103,2103.0,15224,tt1772341,movie,Wreck-It Ralph,Wreck-It Ralph,0,2012,\N,101,"Adventure,Animation,Comedy",wreckit ralph,2012-11-02,Wreck-It Ralph,165000000.0,189412677.0,496511521.0,Walt Disney,PG,Adventure,1,7.7,447884.0,,The request failed: Google returned a response with code 429
105,2105.0,1744,tt0295700,movie,Wrong Turn,Wrong Turn,0,2003,\N,84,"Horror,Thriller",wrong turn,2003-05-30,Wrong Turn,10000000.0,15417771.0,28649556.0,20th Century Fox,R,Horror,1,6.1,128724.0,,The request failed: Google returned a response with code 429
109,2109.0,16477,tt1979628,tvEpisode,XXX: State of the Union,XXX: State of the Union,0,2008,\N,\N,Documentary,xxx state of the union,2005-04-29,XXX: State of the Union,60000000.0,26873932.0,71073932.0,Sony Pictures,PG-13,Action,1,,,,The request failed: Google returned a response with code 429
110,2110.0,6673,tt1045778,movie,Year One,Year One,0,2009,\N,97,Comedy,year one,2009-06-19,Year One,60000000.0,43337279.0,57604723.0,Sony Pictures,PG-13,Comedy,1,4.9,102058.0,3.1538461538461537,The request failed: Google returned a response with code 429
111,2111.0,2393,tt0381717,movie,Yes,Yes,0,2004,\N,100,"Drama,Romance",yes,2005-06-24,Yes,1700000.0,396035.0,661221.0,Sony Pictures Classics,R,Drama,1,6.4,3228.0,,The request failed: Google returned a response with code 429
112,2112.0,6961,tt1068680,movie,Yes Man,Yes Man,0,2008,\N,104,"Comedy,Romance",yes man,2008-12-19,Yes Man,50000000.0,97690976.0,225990976.0,Warner Bros.,PG-13,Comedy,1,6.8,377240.0,13.096153846153847,
27,1027.0,13169,tt1518812,movie,Meek's Cutoff,Meek's Cutoff,0,2010,\N,104,"Adventure,Drama,Thriller",meeks cutoff,2011-04-08,Meek's Cutoff,2000000.0,977772.0,1869928.0,Oscilloscope Pictures,PG,Drama,1,6.5,14916.0,,The request failed: Google returned a response with code 429
38,1038.0,101,tt0017136,movie,Metropolis,Metropolis,0,1927,\N,153,"Drama,Sci-Fi",metropolis,2002-01-25,Metropolis,15000000.0,673414.0,1405032.0,Sony Pictures,PG-13,Adventure,1,8.3,181927.0,,The request failed: Google returned a response with code 429
71,1071.0,22655,tt3095734,movie,Monster Trucks,Monster Trucks,0,2016,\N,104,"Action,Adventure,Comedy",monster trucks,2017-01-13,Monster Trucks,125000000.0,33370166.0,61642798.0,Paramount Pictures,PG-13,Adventure,1,5.7,18456.0,,The request failed: Google returned a response with code 429
73,1073.0,2287,tt0369735,movie,Monster-in-Law,Monster-in-Law,0,2005,\N,101,"Comedy,Romance",monsterinlaw,2005-05-13,Monster-in-Law,45000000.0,82931301.0,155931301.0,New Line,PG-13,Comedy,1,5.5,64437.0,6.326923076923077,The request failed: Google returned a response with code 429
84,1084.0,1613,tt0280590,movie,Mr. Deeds,Mr. Deeds,0,2002,\N,96,"Comedy,Romance",mr deeds,2002-06-28,Mr. Deeds,50000000.0,126293452.0,171269535.0,Sony Pictures,PG-13,Comedy,1,5.8,150254.0,,The request failed: Google returned a response with code 500
98,1098.0,24155,tt3760922,movie,My Big Fat Greek Wedding 2,My Big Fat Greek Wedding 2,0,2016,\N,94,"Comedy,Romance",my big fat greek wedding ,2016-03-25,My Big Fat Greek Wedding 2,18000000.0,59689605.0,92057814.0,Universal,PG-13,Comedy,1,6.0,34557.0,5.0,
99,1099.0,2442,tt0385890,movie,My Big Fat Independent Movie,My Big Fat Independent Movie,0,2005,\N,80,Comedy,my big fat independent movie,2005-09-30,My Big Fat Independent Movie,3000000.0,4655.0,4655.0,Big Fat Movies,R,Comedy,1,3.2,1421.0,8.48076923076923,
6,606.0,14480,tt1658801,movie,Freeheld,Freeheld,0,2015,\N,103,"Biography,Drama,Romance",freeheld,2015-10-02,Freeheld,7000000.0,546201.0,1732228.0,Lionsgate,PG-13,Drama,1,6.6,13066.0,5.230769230769231,The request failed: Google returned a response with code 429
11,611.0,19735,tt2510028,movie,Frontera,Frontera,0,2014,\N,103,"Drama,Thriller,Western",frontera,2014-09-05,Frontera,2300000.0,59696.0,59696.0,Magnolia Pictures,PG-13,Drama,1,6.6,8331.0,,The request failed: Google returned a response with code 429
12,612.0,5496,tt0870111,movie,Frost/Nixon,Frost/Nixon,0,2008,\N,122,"Biography,Drama,History",frostnixon,2008-12-05,Frost/Nixon,29000000.0,18622031.0,28452945.0,Universal,R,Drama,1,7.7,111328.0,,The request failed: Google returned a response with code 429
43,643.0,982,tt0162346,movie,Ghost World,Ghost World,0,2001,\N,111,"Comedy,Drama",ghost world,2001-07-20,Ghost World,5500000.0,6217849.0,8761608.0,MGM,R,Comedy,1,7.3,125148.0,,The request failed: Google returned a response with code 500
53,653.0,19316,tt2385753,tvEpisode,"Gone, Baby, Gone","Gone, Baby, Gone",0,2012,\N,44,"Comedy,Drama,Romance",gone baby gone,2007-10-19,"Gone, Baby, Gone",19000000.0,20300218.0,34352162.0,Miramax,R,Drama,1,8.3,223.0,10.865384615384615,The request failed: Google returned a response with code 429
68,668.0,14814,tt1703199,movie,Grave Encounters,Grave Encounters,0,2011,\N,92,"Horror,Mystery",grave encounters,2011-09-09,Grave Encounters,2000000.0,0.0,2151887.0,TriBeca Films,,Horror,1,6.1,62598.0,10.288461538461538,The request failed: Google returned a response with code 429
97,697.0,11632,tt1402488,movie,Happy Feet Two,Happy Feet Two,0,2011,\N,117,"Adventure,Animation,Comedy",happy feet two,2011-11-18,Happy Feet Two,135000000.0,64006466.0,157956466.0,Warner Bros.,PG,Adventure,1,5.8,46959.0,4.961538461538462,The request failed: Google returned a response with code 429
125,725.0,13670,tt1562568,movie,Higher Ground,Higher Ground,0,2011,\N,109,Drama,higher ground,2011-08-23,Higher Ground,1800000.0,841056.0,842693.0,Sony Pictures Classics,R,Drama,1,6.2,3256.0,47.86538461538461,
172,772.0,29698,tt6450186,movie,I Can Only Imagine,I Can Only Imagine,0,2018,\N,110,"Biography,Drama,Family",i can only imagine,2018-03-16,I Can Only Imagine,7000000.0,83482352.0,85430011.0,Roadside Attractions,PG,Drama,1,7.3,17491.0,,The request failed: Google returned a response with code 429
196,796.0,1616,tt0280760,movie,Igby Goes Down,Igby Goes Down,0,2002,\N,98,"Comedy,Drama",igby goes down,2002-09-13,Igby Goes Down,9000000.0,4777465.0,4777465.0,MGM,R,Comedy,1,6.9,34659.0,,The request failed: Google returned a response with code 500
0,1600.0,2604,tt0406650,movie,The Chumscrubber,The Chumscrubber,0,2005,\N,108,"Comedy,Drama",chumscrubber,2005-08-05,The Chumscrubber,6800000.0,49526.0,49526.0,Picturehouse,R,Drama,1,6.9,18997.0,16.576923076923077,The request failed: Google returned a response with code 429
1,1601.0,5615,tt0896923,movie,The City of Your Final Destination,The City of Your Final Destination,0,2009,\N,117,"Drama,Romance",city of your final destination,2010-04-16,The City of Your Final Destination,8300000.0,493296.0,1353296.0,Hyde Park Films,PG-13,Drama,1,6.3,3201.0,,The request failed: Google returned a response with code 429
2,1602.0,15086,tt1748227,movie,The Collection,The Collection,0,2012,\N,82,"Horror,Thriller",collection,2012-11-30,The Collection,10000000.0,6810754.0,8890094.0,LD Distribution,R,Horror,1,6.1,53111.0,40.96153846153846,The request failed: Google returned a response with code 429
3,1603.0,5379,tt0844479,movie,The Collector,The Collector,0,2009,\N,90,"Horror,Thriller",collector,2009-07-31,The Collector,3000000.0,7712114.0,10473836.0,Freestyle Releasing,R,Horror,1,6.3,70608.0,10.653846153846153,
4,1604.0,12340,tt1457767,movie,The Conjuring,The Conjuring,0,2013,\N,112,"Horror,Mystery,Thriller",conjuring,2013-07-19,The Conjuring,20000000.0,137400141.0,318000141.0,Warner Bros.,R,Horror,1,7.5,542771.0,3.1153846153846154,
5,1605.0,5872,tt0968264,movie,The Conspirator,The Conspirator,0,2010,\N,122,"Crime,Drama,History",conspirator,2011-04-15,The Conspirator,25000000.0,11538204.0,15907411.0,Roadside Attractions,PG-13,Drama,1,6.9,29703.0,3.1538461538461537,The request failed: Google returned a response with code 429
6,1606.0,2454,tt0387131,movie,The Constant Gardener,The Constant Gardener,0,2005,\N,129,"Drama,Mystery,Romance",constant gardener,2005-08-31,The Constant Gardener,25500000.0,33579798.0,86301599.0,Focus Features,R,Drama,1,7.4,147101.0,5.230769230769231,The request failed: Google returned a response with code 429
7,1607.0,2376,tt0380277,movie,The Cookout,The Cookout,0,2004,\N,97,Comedy,cookout,2004-09-03,The Cookout,16000000.0,11540112.0,11540112.0,Lionsgate,PG-13,Comedy,1,3.8,3157.0,6.714285714285714,
12,1612.0,3166,tt0481499,movie,The Croods,The Croods,0,2013,\N,98,"Action,Adventure,Animation",croods,2013-03-22,The Croods,135000000.0,187168425.0,573068425.0,20th Century Fox,PG,Adventure,1,7.2,227335.0,,The request failed: Google returned a response with code 429
13,1613.0,2718,tt0421715,movie,The Curious Case of Benjamin Button,The Curious Case of Benjamin Button,0,2008,\N,166,"Drama,Fantasy,Romance",curious case of benjamin button,2008-12-25,The Curious Case of Benjamin Button,160000000.0,127509326.0,329631958.0,Paramount Pictures,PG-13,Drama,1,7.8,681719.0,,The request failed: Google returned a response with code 429
15,1615.0,14531,tt1666801,movie,The DUFF,The Duff,0,2015,\N,101,"Comedy,Romance",duff,2015-02-20,The DUFF,8500000.0,34030343.0,43528634.0,CBS Films,PG-13,Comedy,1,6.4,99898.0,7.884615384615385,
16,1616.0,9152,tt1226271,movie,The Damned United,The Damned United,0,2009,\N,98,"Biography,Drama,Sport",damned united,2009-10-09,The Damned United,6400000.0,449865.0,4199874.0,Sony Pictures Classics,R,Drama,1,7.5,45420.0,11.288461538461538,The request failed: Google returned a response with code 500
18,1618.0,2578,tt0402249,movie,The Dark Hours,The Dark Hours,0,2005,\N,80,"Horror,Thriller",dark hours,2005-10-13,The Dark Hours,400000.0,423.0,423.0,Freestyle Releasing,R,Horror,1,6.0,5544.0,17.76923076923077,
19,1619.0,7318,tt1093357,movie,The Darkest Hour,The Darkest Hour,0,2011,\N,89,"Action,Adventure,Horror",darkest hour,2011-12-25,The Darkest Hour,34800000.0,21443494.0,62831715.0,Summit Entertainment,PG-13,Action,1,4.9,63134.0,6.09433962264151,The request failed: Google returned a response with code 429
20,1620.0,1925,tt0319262,movie,The Day After Tomorrow,The Day After Tomorrow,0,2004,\N,124,"Action,Adventure,Sci-Fi",day after tomorrow,2004-05-28,The Day After Tomorrow,125000000.0,186740799.0,556319450.0,20th Century Fox,PG-13,Adventure,1,6.5,467861.0,,The request failed: Google returned a response with code 429
21,1621.0,5882,tt0970416,movie,The Day the Earth Stood Still,The Day the Earth Stood Still,0,2008,\N,104,"Adventure,Drama,Sci-Fi",day the earth stood still,2008-12-12,The Day the Earth Stood Still,80000000.0,79366978.0,233066978.0,20th Century Fox,PG-13,Adventure,1,5.5,176616.0,10.211538461538462,
22,1622.0,2613,tt0407887,movie,The Departed,The Departed,0,2006,\N,151,"Crime,Drama,Thriller",departed,2006-10-06,The Departed,90000000.0,132384315.0,289660619.0,Warner Bros.,R,Drama,1,8.5,1389873.0,,The request failed: Google returned a response with code 429
23,1623.0,6490,tt1033575,movie,The Descendants,The Descendants,0,2011,\N,115,"Comedy,Drama",descendants,2011-11-16,The Descendants,20000000.0,82624961.0,175507800.0,Fox Searchlight,R,Drama,1,7.3,247797.0,16.807692307692307,The request failed: Google returned a response with code 429
24,1624.0,13656,tt1560985,movie,The Devil Inside,The Devil Inside,0,2012,\N,83,Horror,devil inside,2012-01-06,The Devil Inside,1000000.0,53262945.0,101759490.0,Paramount Pictures,R,Horror,1,4.2,36921.0,5.173076923076923,The request failed: Google returned a response with code 500
25,1625.0,3006,tt0458352,movie,The Devil Wears Prada,The Devil Wears Prada,0,2006,\N,109,"Comedy,Drama",devil wears prada,2006-06-30,The Devil Wears Prada,35000000.0,124740460.0,326073155.0,20th Century Fox,PG-13,Comedy,1,6.9,447963.0,11.01923076923077,The request failed: Google returned a response with code 429
26,1626.0,9788,tt1270262,movie,The Devil's Double,The Devil's Double,0,2011,\N,109,"Biography,Drama,Thriller",devils double,2011-07-29,The Devil's Double,19100000.0,1361512.0,5965646.0,Lionsgate,R,Drama,1,7.1,63520.0,,The request failed: Google returned a response with code 429
27,1627.0,2517,tt0395584,movie,The Devil's Rejects,The Devil's Rejects,0,2005,\N,107,"Crime,Drama,Horror",devils rejects,2005-07-22,The Devil's Rejects,7000000.0,17044981.0,20940428.0,Lionsgate,R,Horror,1,6.7,104627.0,,The request failed: Google returned a response with code 429
28,1628.0,22828,tt3172532,movie,The Diary of a Teenage Girl,The Diary of a Teenage Girl,0,2015,\N,102,"Comedy,Drama,Romance",diary of a teenage girl,2015-08-07,The Diary of a Teenage Girl,2000000.0,1477002.0,2279959.0,Sony Pictures Classics,R,Drama,1,6.8,33103.0,6.730769230769231,The request failed: Google returned a response with code 429
29,1629.0,14382,tt1645170,movie,The Dictator,The Dictator,0,2012,\N,83,Comedy,dictator,2012-05-16,The Dictator,65000000.0,59650222.0,180148897.0,Paramount Pictures,R,Comedy,1,6.4,326967.0,5.0576923076923075,
30,1630.0,13822,tt1578275,movie,The Dilemma,The Dilemma,0,2011,\N,111,"Comedy,Drama",dilemma,2011-01-14,The Dilemma,70000000.0,48475290.0,70546865.0,Universal,PG-13,Comedy,1,5.3,56448.0,6.096153846153846,The request failed: Google returned a response with code 429
31,1631.0,19151,tt2364897,movie,The Disappointments Room,The Disappointments Room,0,2016,\N,91,"Drama,Horror,Thriller",disappointments room,2016-09-09,The Disappointments Room,15000000.0,2423467.0,3144688.0,Relativity,R,Horror,1,3.9,10314.0,,The request failed: Google returned a response with code 429
32,1632.0,27854,tt5593820,tvEpisode,The Divergent Series: Allegiant,The Divergent Series: Allegiant,0,2016,\N,40,"Comedy,Talk-Show",divergent series allegiant,2016-03-18,The Divergent Series: Allegiant,110000000.0,66184051.0,171871661.0,Lionsgate,PG-13,Action,1,5.4,36.0,,The request failed: Google returned a response with code 429
33,1633.0,21742,tt2908446,movie,The Divergent Series: Insurgent,Insurgent,0,2015,\N,119,"Action,Adventure,Sci-Fi",divergent series insurgent,2015-03-20,The Divergent Series: Insurgent,110000000.0,130179072.0,295075882.0,Lionsgate,PG-13,Action,1,6.2,249864.0,,The request failed: Google returned a response with code 429
34,1634.0,24800,tt4063178,movie,The Dog Lover,The Dog Lover,0,2016,\N,101,Drama,dog lover,2016-07-08,The Dog Lover,2000000.0,0.0,0.0,ESX Entertainment,PG,Drama,1,5.4,1583.0,,The request failed: Google returned a response with code 429
35,1635.0,21749,tt2910904,movie,The Dressmaker,The Dressmaker,0,2015,\N,119,"Comedy,Drama,Western",dressmaker,2016-09-23,The Dressmaker,11900000.0,2022115.0,24041617.0,Broad Green Pictures,R,Drama,1,7.0,64248.0,,The request failed: Google returned a response with code 429
36,1636.0,13992,tt1600196,movie,The Drop,The Drop,0,2014,\N,106,"Crime,Drama,Thriller",drop,2014-09-12,The Drop,12600000.0,10724389.0,19054534.0,Fox Searchlight,R,Drama,1,7.0,159588.0,,The request failed: Google returned a response with code 429
37,1637.0,5476,tt0864761,movie,The Duchess,The Duchess,0,2008,\N,110,"Biography,Drama,History",duchess,2008-09-19,The Duchess,27000000.0,13848978.0,45160110.0,Paramount Vantage,PG-13,Drama,1,6.9,86373.0,5.3076923076923075,
38,1638.0,2360,tt0377818,movie,The Dukes of Hazzard,The Dukes of Hazzard,0,2005,\N,104,Comedy,dukes of hazzard,2005-08-05,The Dukes of Hazzard,53000000.0,80270227.0,109848461.0,Warner Bros.,PG-13,Comedy,1,5.1,81036.0,,The request failed: Google returned a response with code 429
39,1639.0,6507,tt1034389,movie,The Eagle,The Eagle,0,2011,\N,114,"Action,Adventure,Drama",eagle,2011-02-11,The Eagle,25000000.0,19490041.0,38993548.0,Focus Features,PG-13,Action,1,6.2,73110.0,,The request failed: Google returned a response with code 429
40,1640.0,15851,tt1869716,movie,The East,The East,0,2013,\N,116,"Adventure,Crime,Drama",east,2013-05-31,The East,6500000.0,2274649.0,3027956.0,Fox Searchlight,PG-13,Drama,1,6.8,51843.0,,The request failed: Google returned a response with code 429
41,1641.0,15904,tt1878870,movie,The Edge of Seventeen,The Edge of Seventeen,0,2016,\N,104,"Comedy,Drama",edge of seventeen,2016-11-18,The Edge of Seventeen,9000000.0,14431633.0,19096003.0,STX Entertainment,R,Drama,1,7.3,137172.0,,The request failed: Google returned a response with code 429
42,1642.0,26423,tt4877122,movie,The Emoji Movie,The Emoji Movie,0,2017,\N,86,"Adventure,Animation,Comedy",emoji movie,2017-07-28,The Emoji Movie,50000000.0,86089513.0,216508301.0,Sony Pictures,PG,Adventure,1,3.4,69490.0,,The request failed: Google returned a response with code 429
44,1644.0,2987,tt0455944,movie,The Equalizer,The Equalizer,0,2014,\N,132,"Action,Crime,Thriller",equalizer,2014-09-26,The Equalizer,55000000.0,101530738.0,192903624.0,Sony Pictures,R,Action,1,7.2,404766.0,,The request failed: Google returned a response with code 429
45,1645.0,2593,tt0404032,movie,The Exorcism of Emily Rose,The Exorcism of Emily Rose,0,2005,\N,119,"Drama,Horror,Thriller",exorcism of emily rose,2005-09-09,The Exorcism of Emily Rose,18000000.0,75072454.0,144529078.0,Sony Pictures,PG-13,Horror,1,6.7,137884.0,5.846153846153846,The request failed: Google returned a response with code 500
46,1646.0,10465,tt1320253,movie,The Expendables,The Expendables,0,2010,\N,103,"Action,Adventure,Thriller",expendables,2010-08-13,The Expendables,82000000.0,103068524.0,268268174.0,Lionsgate,R,Action,1,6.4,360276.0,,The request failed: Google returned a response with code 429
47,1647.0,15173,tt1764651,movie,The Expendables 2,The Expendables 2,0,2012,\N,103,"Action,Adventure,Thriller",expendables ,2012-08-17,The Expendables 2,100000000.0,85028192.0,311979256.0,Lionsgate,R,Action,1,6.6,318806.0,6.5576923076923075,The request failed: Google returned a response with code 429
48,1648.0,3085,tt0469903,movie,The Express,The Express,0,2008,\N,130,"Biography,Drama,Sport",express,2008-10-10,The Express,37500000.0,9793406.0,9813309.0,Universal,PG,Drama,1,7.2,22651.0,18.384615384615383,
49,1649.0,11030,tt1361313,movie,The Extra Man,The Extra Man,0,2010,\N,108,Comedy,extra man,2010-07-30,The Extra Man,7000000.0,453377.0,492108.0,Magnolia Pictures,R,Comedy,1,5.8,5345.0,,The request failed: Google returned a response with code 429
50,1650.0,15663,tt1839642,movie,The Face of Love,The Face of Love,0,2013,\N,92,"Drama,Mystery,Romance",face of love,2014-03-07,The Face of Love,4000000.0,385069.0,1158877.0,IFC Films,PG-13,Drama,1,6.2,5838.0,29.25,The request failed: Google returned a response with code 429
53,1653.0,19951,tt2582846,movie,The Fault in Our Stars,The Fault in Our Stars,0,2014,\N,126,"Drama,Romance",fault in our stars,2014-06-06,The Fault in Our Stars,12000000.0,124872350.0,307166834.0,20th Century Fox,PG-13,Drama,1,7.7,394418.0,10.865384615384615,The request failed: Google returned a response with code 429
54,1654.0,15649,tt1837703,movie,The Fifth Estate,The Fifth Estate,0,2013,\N,128,"Biography,Crime,Drama",fifth estate,2013-10-18,The Fifth Estate,26000000.0,3254172.0,6154172.0,Walt Disney,R,Drama,1,6.2,42341.0,,The request failed: Google returned a response with code 429
55,1655.0,5862,tt0964517,movie,The Fighter,The Fighter,0,2010,\N,116,"Action,Biography,Drama",fighter,2010-12-10,The Fighter,11000000.0,93617009.0,129262388.0,Paramount Pictures,R,Drama,1,7.8,383292.0,,The request failed: Google returned a response with code 429
56,1656.0,8091,tt1144884,movie,The Final Destination,The Final Destination,0,2009,\N,82,"Horror,Thriller",final destination,2009-08-28,The Final Destination,40000000.0,66477700.0,187384627.0,Warner Bros.,R,Horror,1,5.1,112911.0,7.365384615384615,The request failed: Google returned a response with code 429
57,1657.0,29001,tt6133466,movie,The First Purge,The First Purge,0,2018,\N,97,"Action,Horror,Sci-Fi",first purge,2018-07-04,The First Purge,13000000.0,69086325.0,136112145.0,Universal,R,Horror,1,5.2,68772.0,2.8076923076923075,The request failed: Google returned a response with code 500
58,1658.0,27964,tt5649144,movie,The Florida Project,The Florida Project,0,2017,\N,111,Drama,florida project,2017-10-06,The Florida Project,2000000.0,5904366.0,11303040.0,A24,R,Drama,1,7.6,123716.0,7.923076923076923,The request failed: Google returned a response with code 429
59,1659.0,5486,tt0865556,movie,The Forbidden Kingdom,The Forbidden Kingdom,0,2008,\N,104,"Action,Adventure,Fantasy",forbidden kingdom,2008-04-18,The Forbidden Kingdom,55000000.0,52075270.0,129075270.0,Lionsgate,PG-13,Action,1,6.5,108645.0,,The request failed: Google returned a response with code 429
60,1660.0,14108,tt1615160,movie,The Foreigner,The Foreigner,0,2017,\N,113,"Action,Thriller",foreigner,2017-10-13,The Foreigner,35000000.0,34393507.0,140783646.0,STX Entertainment,R,Action,1,7.0,121054.0,,The request failed: Google returned a response with code 429
62,1662.0,25244,tt4276820,movie,The Founder,The Founder,0,2016,\N,115,"Biography,Drama",founder,2017-01-20,The Founder,15000000.0,12786053.0,24408130.0,Weinstein Co.,PG-13,Drama,1,7.2,169654.0,21.53846153846154,The request failed: Google returned a response with code 429
63,1663.0,2661,tt0414993,movie,The Fountain,The Fountain,0,2006,\N,97,"Drama,Mystery,Romance",fountain,2006-11-22,The Fountain,35000000.0,10144010.0,15461638.0,Warner Bros.,PG-13,Drama,1,7.2,246336.0,12.423076923076923,
65,1665.0,9303,tt1235170,movie,The Future,The Future,0,2011,\N,91,"Drama,Fantasy,Romance",future,2011-07-29,The Future,1000000.0,568662.0,1239174.0,Roadside Attractions,R,Drama,1,6.1,9048.0,37.26923076923077,The request failed: Google returned a response with code 429
66,1666.0,3243,tt0492956,movie,The Game Plan,The Game Plan,0,2007,\N,110,"Comedy,Family,Sport",game plan,2007-09-28,The Game Plan,22000000.0,90648202.0,146590987.0,Walt Disney,PG,Comedy,1,6.4,98923.0,20.576923076923077,The request failed: Google returned a response with code 429
67,1667.0,2145,tt0354595,movie,The Game of Their Lives,The Game of Their Lives,0,2005,\N,101,"Drama,History,Sport",game of their lives,2005-04-22,The Game of Their Lives,20000000.0,375474.0,375474.0,IFC Films,PG,Drama,1,6.1,3489.0,,The request failed: Google returned a response with code 429
68,1668.0,2837,tt0435651,movie,The Giver,The Giver,0,2014,\N,97,"Drama,Romance,Sci-Fi",giver,2014-08-15,The Giver,25000000.0,45090374.0,55090374.0,Weinstein Co.,PG-13,Drama,1,6.4,123636.0,10.288461538461538,The request failed: Google returned a response with code 429
69,1669.0,2947,tt0452624,movie,The Good German,The Good German,0,2006,\N,105,"Drama,Mystery,Romance",good german,2006-12-15,The Good German,32000000.0,1308696.0,6678033.0,Warner Bros.,R,Drama,1,6.0,25857.0,16.76923076923077,
71,1671.0,5197,tt0808285,movie,The Good Heart,The Good Heart,0,2009,\N,99,"Comedy,Drama",good heart,2010-04-30,The Good Heart,3800000.0,20930.0,340930.0,Magnolia Pictures,R,Drama,1,6.8,5043.0,,The request failed: Google returned a response with code 429
73,1673.0,7295,tt1092633,movie,"The Goods: Live Hard, Sell Hard","The Goods: Live Hard, Sell Hard",0,2009,\N,89,Comedy,goods live hard sell hard,2009-08-14,"The Goods: Live Hard, Sell Hard",10000000.0,15122676.0,15297318.0,Paramount Vantage,R,Comedy,1,5.7,22377.0,6.326923076923077,The request failed: Google returned a response with code 429
75,1675.0,2771,tt0427998,movie,The Grand,The Grand,0,2007,\N,104,Comedy,grand,2008-03-21,The Grand,3000000.0,115879.0,115879.0,Anchor Bay Entertai…,R,Comedy,1,5.9,5971.0,18.73076923076923,The request failed: Google returned a response with code 429
76,1676.0,18631,tt2278388,movie,The Grand Budapest Hotel,The Grand Budapest Hotel,0,2014,\N,99,"Adventure,Comedy,Crime",grand budapest hotel,2014-03-07,The Grand Budapest Hotel,31000000.0,59076019.0,164180547.0,Fox Searchlight,R,Comedy,1,8.1,864897.0,,"HTTPSConnectionPool(host='trends.google.com', port=443): Max retries exceeded with url: /trends/api/widgetdata/multiline?req=%7B%22time%22%3A+%222013-03-07+2014-03-07%22%2C+%22resolution%22%3A+%22WEEK%22%2C+%22locale%22%3A+%22en-US%22%2C+%22comparisonItem%22%3A+%5B%7B%22geo%22%3A+%7B%7D%2C+%22complexKeywordsRestriction%22%3A+%7B%22keyword%22%3A+%5B%7B%22type%22%3A+%22BROAD%22%2C+%22value%22%3A+%22The+Grand+Budapest+Hotel%22%7D%5D%7D%7D%5D%2C+%22requestOptions%22%3A+%7B%22property%22%3A+%22%22%2C+%22backend%22%3A+%22IZG%22%2C+%22category%22%3A+0%7D%2C+%22userConfig%22%3A+%7B%22userType%22%3A+%22USER_TYPE_SCRAPER%22%7D%7D&token=APP6_UEAAAAAZWB24l7_Gg5-qmz8NDe_4EgDoQK6WX-V&tz=360 (Caused by SSLError(SSLEOFError(8, 'EOF occurred in violation of protocol (_ssl.c:1123)')))"
77,1677.0,2767,tt0427309,movie,The Great Debaters,The Great Debaters,0,2007,\N,126,"Biography,Drama,Romance",great debaters,2007-12-25,The Great Debaters,15000000.0,30226144.0,30261293.0,Weinstein Co.,PG-13,Drama,1,7.5,61638.0,7.019230769230769,The request failed: Google returned a response with code 429
78,1678.0,1971,tt0326905,movie,The Great Raid,The Great Raid,0,2005,\N,132,"Action,Drama,War",great raid,2005-08-12,The Great Raid,60000000.0,10166502.0,10597070.0,Miramax,R,Action,1,6.6,23792.0,4.826923076923077,The request failed: Google returned a response with code 429
79,1679.0,16826,tt2034800,movie,The Great Wall,The Great Wall,0,2016,\N,103,"Action,Adventure,Fantasy",great wall,2017-02-17,The Great Wall,150000000.0,45157105.0,334550106.0,Universal,PG-13,Action,1,5.9,143518.0,,The request failed: Google returned a response with code 429
86,1686.0,13402,tt1540133,movie,The Guard,The Guard,0,2011,\N,96,"Comedy,Crime,Thriller",guard,2011-07-29,The Guard,6000000.0,5359774.0,21197454.0,Sony Pictures Classics,R,Comedy,1,7.3,93865.0,44.30769230769231,The request failed: Google returned a response with code 500
87,1687.0,2605,tt0406816,movie,The Guardian,The Guardian,0,2006,\N,139,"Action,Adventure,Drama",guardian,2006-09-29,The Guardian,70000000.0,55011732.0,94973540.0,Walt Disney,PG-13,Action,1,6.9,96767.0,,The request failed: Google returned a response with code 429
100,1700.0,2320,tt0373908,movie,The Honeymooners,The Honeymooners,0,2005,\N,90,"Comedy,Family,Romance",honeymooners,2005-06-10,The Honeymooners,27000000.0,12834849.0,13174426.0,Paramount Pictures,PG-13,Comedy,1,3.4,7526.0,16.615384615384617,The request failed: Google returned a response with code 429
102,1702.0,25654,tt4481514,movie,The House,The House,0,2017,\N,88,"Comedy,Crime",house,2017-06-30,The House,40000000.0,25584504.0,31192743.0,Warner Bros.,R,Comedy,1,5.6,46257.0,77.5576923076923,
103,1703.0,5427,tt0852713,movie,The House Bunny,The House Bunny,0,2008,\N,97,Comedy,house bunny,2008-08-22,The House Bunny,25000000.0,48237389.0,71390601.0,Sony Pictures,PG-13,Comedy,1,5.5,88518.0,,The request failed: Google returned a response with code 429
105,1705.0,16273,tt1951264,movie,The Hunger Games: Catching Fire,The Hunger Games: Catching Fire,0,2013,\N,146,"Action,Adventure,Sci-Fi",hunger games catching fire,2013-11-22,The Hunger Games: Catching Fire,130000000.0,424668047.0,864868047.0,Lionsgate,PG-13,Adventure,1,7.5,697468.0,,The request failed: Google returned a response with code 429
106,1706.0,2983,tt0455782,movie,The Hunting Party,The Hunting Party,0,2007,\N,101,"Adventure,Comedy,Drama",hunting party,2007-09-07,The Hunting Party,40000000.0,876671.0,7729552.0,Weinstein Co.,R,Adventure,1,6.8,25860.0,8.923076923076923,The request failed: Google returned a response with code 429
107,1707.0,5573,tt0887912,movie,The Hurt Locker,The Hurt Locker,0,2008,\N,131,"Drama,Thriller,War",hurt locker,2009-06-26,The Hurt Locker,15000000.0,17017811.0,49894223.0,Summit Entertainment,R,Drama,1,7.5,467259.0,,The request failed: Google returned a response with code 429
109,1709.0,7784,tt1124035,movie,The Ides of March,The Ides of March,0,2011,\N,101,"Drama,Thriller",ides of march,2011-10-07,The Ides of March,23000000.0,40962534.0,77735925.0,Sony Pictures,R,Drama,1,7.1,228346.0,,The request failed: Google returned a response with code 429
110,1710.0,2896,tt0443543,movie,The Illusionist,The Illusionist,0,2006,\N,110,"Drama,Fantasy,Mystery",illusionist,2006-08-18,The Illusionist,16500000.0,39868642.0,83792062.0,Yari Film Group Rel…,PG-13,Drama,1,7.5,385300.0,3.1538461538461537,The request failed: Google returned a response with code 429
115,1715.0,14412,tt1649419,movie,The Impossible,Lo imposible,0,2012,\N,114,"Drama,History,Thriller",impossible,2012-12-21,The Impossible,40000000.0,19019882.0,169590606.0,Lionsgate,PG-13,Drama,1,7.5,236301.0,,The request failed: Google returned a response with code 429
118,1718.0,5161,tt0800080,movie,The Incredible Hulk,The Incredible Hulk,0,2008,\N,112,"Action,Adventure,Sci-Fi",incredible hulk,2008-06-13,The Incredible Hulk,137500000.0,134806913.0,265573859.0,Universal,PG-13,Adventure,1,6.6,515107.0,,The request failed: Google returned a response with code 429
126,1726.0,2551,tt0399201,movie,The Island,The Island,0,2005,\N,136,"Action,Sci-Fi,Thriller",island,2005-07-22,The Island,120000000.0,35818913.0,163018913.0,Dreamworks SKG,PG-13,Action,1,6.8,324120.0,58.88461538461539,
128,1728.0,15876,tt1872194,movie,The Judge,The Judge,0,2014,\N,141,"Crime,Drama",judge,2014-10-10,The Judge,50000000.0,47119388.0,76119388.0,Warner Bros.,R,Drama,1,7.4,198820.0,20.46153846153846,
133,1733.0,2699,tt0419887,movie,The Kite Runner,The Kite Runner,0,2007,\N,128,Drama,kite runner,2007-12-14,The Kite Runner,20000000.0,15800078.0,74180745.0,Paramount Vantage,PG-13,Drama,1,7.6,81941.0,14.288461538461538,
140,1740.0,13874,tt1584131,movie,The Last Godfather,The Last Godfather,0,2010,\N,100,"Comedy,Crime,Romance",last godfather,2011-04-01,The Last Godfather,13400000.0,164247.0,164247.0,Roadside Attractions,PG-13,Comedy,1,3.5,1274.0,12.346153846153847,
141,1741.0,5382,tt0844708,movie,The Last House on the Left,The Last House on the Left,0,2009,\N,110,"Horror,Thriller",last house on the left,2009-03-13,The Last House on the Left,15000000.0,32752215.0,46526243.0,Universal,R,Horror,1,6.5,98632.0,4.288461538461538,
158,1758.0,2203,tt0362270,movie,The Life Aquatic with Steve Zissou,The Life Aquatic with Steve Zissou,0,2004,\N,119,"Action,Adventure,Comedy",life aquatic with steve zissou,2004-12-10,The Life Aquatic with Steve Zissou,50000000.0,24006726.0,34806726.0,Walt Disney,R,Comedy,1,7.2,207798.0,11.306122448979592,
159,1759.0,19837,tt2547584,movie,The Light Between Oceans,The Light Between Oceans,0,2016,\N,133,"Drama,Romance",light between oceans,2016-09-02,The Light Between Oceans,20000000.0,12545979.0,21748977.0,Walt Disney,PG-13,Drama,1,7.2,59325.0,,The request failed: Google returned a response with code 429
160,1760.0,8942,tt1212022,movie,The Lion of Judah,The Lion of Judah,0,2011,\N,87,Animation,lion of judah,2011-06-03,The Lion of Judah,1500000.0,0.0,0.0,Rocky Mountain Pict…,PG,Adventure,1,3.4,684.0,36.78846153846154,The request failed: Google returned a response with code 500
175,1775.0,19065,tt2350496,movie,The Lunchbox,The Lunchbox,0,2013,\N,104,"Drama,Romance",lunchbox,2014-02-28,The Lunchbox,1700000.0,4231500.0,12231500.0,Sony Pictures Classics,PG,Drama,1,7.8,59625.0,13.25,
179,1779.0,2700,tt0419946,movie,The Marine,The Marine,0,2006,\N,92,"Action,Comedy,Drama",marine,2006-10-13,The Marine,15000000.0,18844784.0,22165608.0,20th Century Fox,PG-13,Action,1,4.7,35172.0,30.384615384615383,The request failed: Google returned a response with code 500
